"Qty";"Value";"Device";"Package";"Parts";"Description";"MF";"MPN";"OC_FARNELL";"OC_NEWARK";"POPULARITY";"PROD_ID";"SPICEPREFIX";
"14";"";"PINHD-1X2";"1X02";"JP16, JP17, JP18, JP19, JP21, JP22, JP23, JP24, JP25, JP26, JP27, JP28, JP29, JP31";"PIN HEADER";"";"";"";"";"";"";"";
"13";"";"PINHD-1X3";"1X03";"JP1, JP2, JP3, JP4, JP5, JP6, JP7, JP8, JP9, JP10, JP11, JP12, JP14";"PIN HEADER";"";"";"";"";"";"";"";
"1";"";"PINHD-1X7";"1X07";"JP30";"PIN HEADER";"";"";"";"";"";"";"";
"1";"";"PINHD-2X3";"2X03";"JP20";"PIN HEADER";"";"";"";"";"";"";"";
"1";"";"W237-02P";"W237-132";"X1";"WAGO SREW CLAMP";"";"";"unknown";"unknown";"10";"";"";
"1";"1000uF";"CPOL-EUE5-10.5";"E5-10,5";"C1";"POLARIZED CAPACITOR, European symbol";"";"";"";"";"23";"";"C";
"2";"100nF";"C-EUC0805";"C0805";"C2, C3";"CAPACITOR, European symbol";"";"";"";"";"";"";"";
"2";"10k";"R-EU_R0805";"R0805";"R11, R12";"RESISTOR, European symbol";"";"";"";"";"86";"";"R";
"3";"200R";"R-EU_R0805";"R0805";"R9, R27, R30";"RESISTOR, European symbol";"";"";"";"";"86";"";"R";
"1";"20k";"TRIM_EU-S64W";"S64W";"R18";"POTENTIOMETER";"";"";"";"";"4";"";"";
"9";"330R";"R-EU_R0805";"R0805";"R1, R2, R3, R4, R5, R6, R7, R8, R10";"RESISTOR, European symbol";"";"";"";"";"86";"";"R";
"1";"47R";"R-EU_R0805";"R0805";"R28";"RESISTOR, European symbol";"";"";"";"";"86";"";"R";
"1";"7805DT";"7805DT";"TO252";"IC1";"Positive VOLTAGE REGULATOR";"";"";"";"";"0";"";"";
"1";"ESP32DEVKITV1";"ESP32DEVKITV1";"ESP32-DEVKITV1";"U1";"";"";"";"";"";"";"";"";
"1";"OSHW-LOGOM";"OSHW-LOGOM";"OSHW-LOGO-M";"LOGO1";"Open Source Hardware Logo";"";"";"";"";"";"";"";
"1";"PAM8403_NO_SPEAKERS";"PAM8403_NO_SPEAKERS";"PAM8403_NO_SPEAKERS";"IC4";"";"";"";"";"";"";"";"";
"2";"SS14F";"MBRA140";"SMA-DIODE";"D1, D2";"40V, 1A Schottky rectifier";"";"";"";"";"";"DIO-08053";"";
"2";"ULN2003AD";"ULN2003AD";"SO16";"IC2, IC3";"DRIVER ARRAY";"";"";"";"";"2";"";"";
